year,price
0.0810908029140282,23.79051506984637
9.483269532008242,10.78459824589424
9.901805115466209,10.003781799407168
1.9304377363209744,21.879849099275443
1.6186012736586814,21.8518055424532
8.41152734584373,11.807060757385958
0.1910391228725094,24.489868186975094
0.5050723343116097,24.12521816889713
2.17161881815519,21.06525099975156
9.13083126474868,10.646496231097682
1.0310993279235712,22.323899532190737
8.220584739292354,11.840983098620027
10.777743675327145,12.167011871079705
8.938573587591353,11.033908904745864
10.616219009965938,9.697416406017096
8.102171244629108,12.042181212461404
12.124318924349524,10.759308079664349
8.220084832324735,12.005212522363928
14.106020483849406,7.284558857131164
8.642866702209183,11.52392245787144
12.19760114098746,10.993098389408676
10.687002654863536,9.157106012741105
12.20979594833552,10.44923746683019
11.997133595391103,10.88383529165186
2.1579399068573157,21.083427930634045
12.084488143690695,10.639674586447708
12.01965409016672,10.34480693553463
8.985717395937456,11.011721323518074
10.439117163702818,9.330784578525805
10.203248102720314,10.104031839363335
9.821045728730953,10.6110484087253
10.04391102093764,10.027517160420889
8.723925983288156,11.871057733359024
1.0929622082012829,22.02343257612017
0.972729622344441,22.844757481660547
10.786381328569137,8.41733563978914
0.3858542433536787,23.750296441016204
0.7890502685589782,23.05581151807151
1.0642370704226938,22.34466205246449
1.5335068437092678,22.1448239292932
9.321670013194394,10.643480650521
0.7638511648782895,23.651671955216177
12.643321164268873,9.798322781032216
9.207970154896664,10.880582167092587
1.384154523566675,22.31975802125715
12.525236831314526,9.789917399599158
9.472110859716334,9.899452889476091
13.564990180934334,8.858559536347553
0.9880308898099636,22.692419166655394
11.955861680857488,11.198484746078282
8.423257918448797,12.372124601615187
13.085569547297723,10.001753993676962
12.405238098865295,9.60598575281116
12.270375225471252,10.048058822489924
1.9636503481497536,21.620854402662825
13.328717122398576,9.477246170907655
11.562019787254858,10.948174214227803
12.089486508451436,10.900767946879313
12.34039826311704,10.270642249009228
2.2921944975416517,20.6749505332662
1.571325607075928,20.97275033401346
10.616451867178704,9.852480820701691
2.4607820067635484,20.791705963959693
11.80472326573308,10.474354472838884
12.145352435436216,11.140257805162554
12.131298144096416,10.505485990556195
1.6528861437452518,22.23894751007892
12.930734381388914,9.493397178792565
11.8523951391005,10.84098996432773
8.770451757633857,11.85378273820044
1.288668703489435,22.566182656387653
12.964194770530304,9.520916573002417
11.938823316342528,10.848585991863382
9.62377033291977,11.04012031657043
13.153664093748846,8.704862745739206
2.419513697162421,19.737851297791494
12.545706926337662,9.587780028781422
3.044561789988402,20.05947567856533
0.5384801992468384,23.862994280833725
1.9894244816838496,21.276733006361354
8.422272778645626,12.37556406767602
0.6321402143147479,22.898643660922893
1.1526180538241435,22.85193774935405
1.7184632742924617,21.59826541093439
12.086738690942823,10.72921830362895
12.480582231024233,10.377483118723548
12.624730367910477,9.90419893825085
0.5951581219211954,23.259266996722783
9.314787130037365,11.25218440772149
0.7693767255305639,23.19160928174966
9.530010999417518,10.679167774322698
12.586978939277856,9.268642731116826
12.365525125640492,10.522203912448738
1.506533345597239,22.440541838924865
0.9934732147748636,22.743991646465552
11.284474898913512,11.425766109259166
11.897932963950282,10.996320285928306
11.569197040048918,11.420743523293655
8.786518394466567,12.263755114210069
11.729928889338726,11.335598615724852
0.3810535091047908,23.17393389363988
12.307363008860497,9.982571075078292
12.551279652655982,9.678065501924216
9.132585874741675,11.107276967408628
9.155614786308096,10.75250434943422
0.1901148539181498,23.843307881538845
8.88129001120226,11.448275789563525
2.357510242732382,20.59668066434807
1.3505856018826492,22.23723845069187
9.890042008883054,10.38293513676733
12.54129267337135,9.816530527613844
0.7615992401678264,22.279703191673818
1.619920730973652,21.61487768916051
12.85633656356222,9.29981371017777
9.253714369387998,10.853011415691356
1.005585029215391,22.315796854117263
0.461337274781882,24.101933704671502
10.701537882790914,12.139553463763686
10.63644134361385,9.678921068643284
0.8809015426181226,23.372706157008764
1.3718749880224506,22.298331094288503
9.140453002739008,10.45904990010063
12.65518831255993,9.57051904186467
1.805821367060214,21.94355869623304
13.456521269910311,9.55196139233125
13.53752404660353,8.328799726339795
0.0232923370928386,24.35892934637026
11.419956530251463,11.955645277728893
8.974992655014534,11.38873236483388
1.9588941414127576,21.02427958302624
7.8841703306388915,12.743135853855955
12.821725317781812,9.8968290703823
0.2255647481604468,23.97833753872736
12.913562930230178,9.997238142458531
11.805173571013828,11.150677390322707
7.604126901908245,13.60312440375592
0.8574723382885239,23.48797430050022
2.061471411777795,21.730410872294065
12.00248213406772,10.89801032900474
9.17532703322697,10.998622421210303
1.7259500431255592,20.974208800594383
12.815433857126369,9.401601250228987
12.577535645656107,10.117773757748749
0.3027476896946686,23.827855440827012
8.855567620633563,11.322834784748403
0.5819018788689219,23.08681141508245
12.270992472974829,10.609683935874555
1.6132641615388037,22.70465070554577
9.834938512563156,9.894457021367192
9.152928121502397,11.088606205339564
12.288200685862222,10.47990566485254
12.038867803125251,10.365333799854952
1.0778602222652367,22.8112054389882
0.9658158070506592,22.56968365758944
10.45940499535954,12.70577392775959
11.635315946166877,11.589163036798546
1.2452321399504749,22.67467742306666
0.6169422454981506,23.659693837204586
9.93040058937233,9.658046425053865
7.65920980083475,13.41083517961727
0.1507124555448253,24.195622022120425
1.7406451257161564,22.437378571415685
0.310416993810664,23.867256081006616
9.053073022297475,11.174093155133114
1.822810626414156,21.6880696572009
12.15061407688587,10.905788155208974
13.278897667751604,8.915315032572897
12.769623842118744,9.824334683661869
8.541749746142084,11.9582979216402
12.880699495946388,9.567689340633551
0.510782222749401,22.929096795252235
11.467550746545331,11.128615730184382
9.23575075288086,10.61197851546292
0.0213179844440114,23.315107937707623
8.762654227792982,11.329231797010172
0.8887121215118459,23.340850009358025
1.409488659988801,21.597851503476345
2.0641157309145965,21.35320017283724
1.319359229789133,22.636003370212958
0.9592698611634204,22.459040045031315
0.9768690449478168,23.371620938493017
11.989601832666384,10.74197222793492
0.944096640348442,23.53239986509156
9.41171594615266,10.784143398269078
0.2963424567494117,23.50685254549938
8.991936586327657,11.543485188867084
1.5239944256270554,21.829093055124915
9.574056607433846,10.53869603444934
11.464305430862888,11.241061342141467
10.149485822460727,9.37915144212338
8.119497873113875,12.573730252570336
0.4562647090421619,23.621423634980875
8.938298710909985,11.485992634852945
11.645589064893846,10.969651026121802
10.062754401378616,9.981588094052444
12.921243591250656,9.505053034075194
12.143735557827211,10.300299481772836
12.717578357985474,10.151732135789274
9.136192387100756,11.296038010905235
12.594263089662984,10.252969145526976
1.7190134399737982,21.43066052494432
12.620493743378194,10.068270123590452
9.021836849866666,11.422797334020157
0.3700373041119205,23.55183199735907
11.978680608968288,11.466831260127442
12.04123283132419,10.456281207392657
12.111897551749813,10.647123901022535
1.7999302242263715,21.89986044236343
0.9405570621542544,22.59426439845837
13.861037059878726,8.498969437160333
0.6975571538675149,23.01158556408163
10.235389319819204,9.415510171340618
9.969010997570336,9.900843294891196
9.360371537032549,10.33553959582207
9.184152360288422,10.8293768941594
9.920499622295337,10.021327542125668
11.075696665047566,8.03796198427722
8.954947873040254,10.816075384808352
1.289369017883467,22.82488329780534
13.284195424877923,8.933145410623897
11.740529853620998,10.517770954467942
13.33834350220085,8.94221300062135
9.858303251794306,10.021895208424956
0.7247259079284261,22.511243346505257
11.00914137594688,12.262815669912122
8.918038445716553,11.889699793748642
9.252181211891047,10.906074990998688
8.654250454544005,12.607470459653744
8.663765378988748,11.143715265457352
12.574464474017432,10.120329210832434
12.242428766107242,10.72416185402714
10.524286125335864,9.227007283846731
1.5606760538214948,22.07002788758872
12.86384579568882,9.39965521481479
0.6932789014355141,23.15464421259929
12.621766530935052,10.055111531073038
2.5132899252136305,20.157912745216223
9.658409440084856,9.953000974793015
11.925093423327777,10.591245785898362
9.44134850398785,10.27564139577204
1.0552084031475717,22.28491981890475
1.2298342416361567,22.313422588605786
10.228694196283524,9.48791253421424
12.411847361987462,10.191212927931677
8.528092157229318,11.791724862134792
9.139327056401294,11.394999709819578
1.32469998608574,22.979528170099687
12.475836714505018,10.014429448927654
9.280253386022848,11.430444162610396
9.810847968063856,9.821367331007812
1.3943634122558803,22.46697882903841
9.761326165469388,10.64615427619534
9.2731660528149,11.170021861127308
11.927738294186303,11.329006274936368
1.102918322872787,22.83535766253374
9.62762495252051,10.229021457953998
12.725561008246054,9.460890864943678
12.401118009976871,10.437463159468072
12.295546134103862,10.66504682422514
13.352406272481147,9.605279480526892
13.03660918498637,9.360756578730784
9.699733574320344,10.146459642945036
1.1648878353017542,22.62741214219565
12.52125465417937,9.943944513406397
11.498945308931372,11.657868898738984
0.5407715308481285,22.9137676284123
7.392938097257709,13.652893952210814
1.9381112808148415,22.09760037476757
8.296145802411845,12.313249090945
9.008446077487251,11.45332377690098
8.364591243925702,12.360812024973516
0.4773798687223349,23.5916734971536
7.898285302702423,12.306258991499508
9.775561203152,10.093036790985192
12.446852733943842,10.150376004018664
0.8030022961371994,22.819001684561652
0.5154737877554938,22.66102795935615
12.774270659915237,10.403546166463268
0.3999232962506998,22.237703578624654
9.476496661110737,10.81997783725398
8.712973990124702,11.349505115108304
9.757882617443986,10.649218521443112
7.8966677499783,12.2284783665028
12.212555690437236,9.940853268900945
0.6320853726186826,23.422315172287423
8.781110847024022,11.645742064374405
12.30906996749632,10.0954678059596
13.424613200544371,9.496164904463775
8.950472039055928,11.53014637935506
12.753772691175826,9.620730304435678
8.700390029760353,11.45801050120447
0.5689060180681045,23.38081671764527
12.266480344193544,9.78335663653465
8.951996560147922,11.691205824748334
0.830287406586236,23.81651615932259
8.567647586267956,11.777919999794625
0.4667070822960415,23.72108614266975
8.984308521532329,11.390402439026534
1.2451114790824098,22.79828316600623
1.4636592012947771,21.972072893425977
12.17370076601653,10.3512260783507
11.822560804423702,11.183756609761186
0.5886957403643756,23.52183615432864
13.190977933407272,8.965667221160647
1.3651279933287332,22.182535230526355
12.08893443140107,10.74049485902682
12.901054207552509,9.049093956245152
11.85802954847601,11.353463900760415
1.3473222334535793,21.795454467486657
0.9741877003693896,22.82330114049105
9.930641771625988,9.69327547417556
11.536020937401725,11.699360589077775
9.536734963006204,10.54176724040222
9.506641864446808,10.61562072532541
12.927729125827016,9.527049542286328
1.61277746441362,21.23371669909821
12.999398848810142,9.500909758413313
9.155392355291111,10.746449047469865
1.3507435467100537,21.752744863528264
2.111849789359888,21.252127771092184
11.325290272788838,11.928537059723832
12.190965849381444,10.447748847422131
9.564240823604038,10.295523026359206
9.248901614028137,10.629259959337912
11.678824039084578,11.07979503519134
9.037099674767102,11.43730440319747
1.1478094196342656,22.975232010424925
12.045149958801083,10.719359972441085
12.027354479028029,10.045926383890963
1.2216658901184472,22.07152759479843
0.6504085743883135,23.38210941494833
12.795908198905082,9.996849246778194
11.606850599814752,11.303533871887566
9.723760787695364,10.06197894622605
1.187919851219049,22.557228211348782
12.3651089257188,10.336555140231974
1.946202919161757,21.68497258760936
12.722920885188588,10.142190093506848
12.697244561263636,9.403923756315384
1.8698273261576448,21.5356295605352
8.442319510535391,12.41113039521668
1.2808711680848743,22.258492867314896
8.792525149330373,11.371223002636444
9.000595282440889,10.55162856162401
9.065950527288546,11.12582557099348
1.80862343256113,21.019301882551247
1.2380413699150203,22.019293770906675
0.8236503952458047,23.088047911744667
0.5916565754727356,23.251348489665503
11.01322085386344,8.209191957452704
0.9543375396728848,23.11436785157589
12.707271633403716,9.808251584552966
13.032348311536625,9.494573195904357
11.719807231753483,11.440640418578967
9.40840278823392,10.809246243903944
8.992088316123592,11.110627239167584
2.578871950634601,21.15548662891305
9.029155157056646,11.482724378570577
0.6095652387217791,23.283809749695788
8.980343387214575,11.05100522818099
8.20492489013702,12.40141139350793
13.086727646772712,9.32785093281397
0.6677608421131316,22.339698370662035
10.869155722361576,8.286332808061871
11.802278735521664,11.366417347342564
12.838953771222556,9.277350425818938
12.486176161628906,10.22610691043348
9.71090819709285,10.69930393329017
0.4880715135126499,23.904163821629677
0.7672537139729823,23.550747781179197
1.0982684267789713,22.78157504777923
10.123026276367076,9.699876424436312
10.790302412528476,13.03977975509416
0.7755449939474524,22.891769324543095
11.546632954343966,11.473644389258697
12.71945830030782,10.16486313762054
1.2160803337188355,22.66803007712988
12.115756392193344,10.852517012403272
12.471715854152272,10.470718990810566
2.5982331280373114,20.411995151664275
11.806563626858118,10.861694149107764
8.56462612268077,11.890667884200894
0.7146157265082138,23.182028490049063
0.9684157157329008,22.738405944949847
12.418374303155378,9.916838837694112
0.5567888108068342,23.77121415893756
9.452332405299456,10.624352443411762
8.683213585232615,11.342547992732438
1.0220070017103329,22.87036716897361
11.654760405491334,11.347768789771107
8.844383753136064,11.289814388756454
0.4647043371222432,23.66362350619663
12.225559795714268,9.680831408668222
1.172303516620782,22.335930738483004
1.9880115274736816,20.570342520826085
11.544340869869304,11.550939453306093
13.304163781318136,8.446123358759607
9.805858113890173,10.554650371599331
0.23192688780337,23.509273479619026
10.772699017055755,12.867715112514174
0.4821119562924734,23.1916683151424
0.6129832363428394,23.04175325676841
12.253550687793858,10.444906154012411
8.8966793522765,11.312209424441484
12.657379851051395,9.274740116685342
8.636570505591159,11.303921495951638
11.870981163985643,11.174259531598183
0.7252224336483248,23.42103062370097
12.274129601514176,10.284952463035683
12.07978429867718,10.869530285375916
12.748255344537268,9.22831266970136
0.8272112601257806,22.88994681466619
9.10560308906363,11.519139183739828
12.12422347160748,10.716964773800273
1.2763841580467643,22.577117053244045
2.489458827411771,20.993988547596445
2.3982835300218115,20.98862524474021
1.183200599932027,22.75460330700648
1.3289485987522394,22.583213571618007
8.836140525899651,11.499524822533186
9.1001005433788,11.390934625441698
12.926373537961693,9.303984710784624
9.089868642165708,11.34701847041334
12.024167097115235,11.156277233907858
0.7109756928072333,23.430586450253628
11.490372078517602,11.939973307948192
8.680687954847453,11.805848858156192
9.201968568800911,11.50029173579803
8.679574462278635,11.18270331013677
8.062788822139439,12.482002723882871
9.284250232164986,10.966795434408308
8.676737216054544,12.102047634095502
0.8068208264964705,22.90246719766297
1.0061732406579598,22.677481501957622
0.9565641689738112,21.764157569621418
10.307384164338544,9.175079237009196
11.569503934318616,11.577340647655184
8.635387577089523,11.518744468875417
10.90739823049549,7.952909256441078
1.9433025040378045,21.84907795405932
10.008129470282764,9.63695083666056
11.143947801483744,8.254392898084248
10.756145979706671,11.997222374814598
13.477369181818329,8.302084978293836
1.6450144972369802,22.184256825663407
9.428536883129226,11.344454856444573
0.6264804572524101,23.470946606647463
10.148974222475942,9.784585877773416
0.4420381317736295,23.48589469977142
12.673325574791846,10.178820294669883
12.258542999238625,10.33397747423425
12.71357927960713,10.121869495074058
9.114451117173449,10.54648225166887
0.4113523557137828,23.575668265291537
8.96539926321724,10.819551773243877
2.147495479069646,20.87245667080567
9.36080796919506,11.119914582511049
13.52432419736521,9.254348748335202
1.161584148203333,22.653381853383195
1.7300450632576547,21.673141963411204
11.395965028776017,11.589226152587813
9.999641531948877,10.42450297103362
12.982046712010902,9.52358499783084
13.325326976399715,9.686156561427058
0.1558378367332737,24.082138761683083
0.7638515964465329,22.750730046308565
9.036458080152764,10.736125594898288
8.946133373320873,11.478366710177584
7.899179258533988,12.561113561400514
0.5928639922452996,23.559390140200005
12.420968136544545,9.887066890043949
12.360263101613864,11.295322012695308
9.54132711123364,10.433126159672517
13.176202165250777,9.645867818369677
12.982012896814766,9.83932773403944
12.805152508471966,9.766064237892698
10.195245101003584,9.518307745176102
8.653755695173142,11.948295749129615
10.049709094016464,9.565941974889078
12.433396821776574,10.341660221725055
12.315737098086824,10.3464063488315
1.9863639138304308,21.649231072928806
0.6498357167727526,23.26612585955677
8.545297063966414,11.728764182084166
13.306254509180372,9.14962860828964
11.348633716263254,11.85063612950975
13.96586564946346,8.48389813222976
11.389583944882231,11.390480467767755
12.997269200107056,9.90235232660044
0.5344826483803908,22.73720255927853
2.912010284070199,20.23533577920414
12.169498541442492,10.37286613908627
10.344927471653463,9.275518966234545
8.981426088187309,11.357290701442588
11.45766768326206,11.200822634889963
9.92257440751614,9.814590070837166
9.13501507737886,10.800162931897592
8.506382613604718,12.017164488208206
12.917326645970965,9.456185174265029
12.75627851777782,9.904738366808688
9.626826195891994,10.054103732452536
12.281869396591771,10.319882089698762
11.516866545867984,11.40163668596244
1.4237916782064088,21.46794334544014
12.552721351909977,9.818679096865418
13.29605711120072,9.18892322600738
12.238868171517913,10.954948714013812
9.1771688744812,10.799632513785095
11.669906483289092,11.622247204590696
9.02430971594868,10.907697187357195
8.931819523380934,11.73461918646829
0.3171305137526623,23.97149266035556
12.34849383942034,10.527922655995958
8.753424177741628,11.104502403338532
9.925763652203267,9.644068594531618
1.1187871414993342,22.653795164904583
12.04307418893957,9.961572915981598
8.850621185071615,10.88950896679422
0.998188086760634,22.676569615221613
8.9013213553007,11.38519439824648
8.955319954725493,11.682274604696332
0.0393134284369596,23.285475842420368
10.991336168245397,11.983611533830713
8.457886636740755,12.296099461844005
2.502844914059453,20.354131279340606
8.704563913988252,11.941966411349531
1.879237186683828,21.280458492382103
0.2343572002967056,24.69091064996484
11.871786014551382,10.928800825956138
11.802170459769124,10.87433258083841
9.830487777902505,9.51279852043043
13.069047475581474,9.700252124241128
2.06783045089302,21.211724101695346
2.1491434857866256,20.568237024593763
9.740109897809884,10.637917963316806
12.931775469095196,9.393055332116116
2.244149421740697,21.06608739487234
9.67049479125927,10.179004196243776
9.028730967583195,11.128654047222753
0.438543247004282,23.287443121349263
9.591652888432378,10.843150574540026
13.679408609193528,8.522930872369727
0.4571311854322006,23.30825243128385
0.4539252495282015,23.58963017755333
2.0246300396788968,21.562093954580163
11.508239711992152,11.779406455701896
11.975944208917491,10.857851692947568
0.667232642185275,23.11981364121446
8.70400524630715,11.285249165622696
9.5569159987752,10.5283270159076
11.181388490772571,12.665390056766908
12.529177748532476,9.84263649520945
0.6779357718232042,23.21236005143158
1.417186126543278,21.68182349001429
0.679742207319503,23.075651881754617
1.0876445444659415,22.475913182566053
8.758138713561923,11.70642206326847
1.1723056157166818,22.557820015927263
10.4394757117999,9.157030213030405
1.5011041157772702,22.244988827765468
9.639360991744264,10.460977692687816
10.174081425004491,10.222586441714975
9.776753801027663,10.222458054209678
0.3776321792432782,23.95955738939592
0.2601492848566362,23.974214558958483
9.384071440400763,10.832955636650738
1.3830155318436583,22.28543623346254
11.923592072343148,10.903364983909256
9.636680897097134,10.187680095946902
0.9561435782090282,22.585841886421
8.705985119680015,12.013783525259216
0.1894273537662503,23.35696195262419
10.467679123407782,9.000233320062888
0.8004786392124696,23.438826171883616
1.7166412344495372,21.61968694427025
9.6814628160667,10.000186749274874
11.560077732269612,11.068541773440316
0.7167076466406801,23.66091528596869
9.419225736864169,10.033873172373614
1.96195950941934,20.964010392450557
13.091571010079496,9.24517878701898
0.6448435546337965,23.206971632685967
2.1387970928907327,20.176267516773017
7.700054946841113,12.53122241051528
2.467721003384718,20.62122295757337
9.638682704868158,11.423778858678364
9.301878771547994,11.332190151291677
1.4657537273234889,21.842272281410764
10.757460184657802,8.190259934261345
7.92544919503576,12.641441091037583
12.474957823784765,10.954521800774687
12.180168834051196,10.262229175031134
8.602657336151719,11.831965394436995
12.310202592005346,10.30436886399401
1.9814328305314737,21.57625982955752
1.259350104387205,22.86970041268628
0.5391859881381338,23.33650358532925
12.159224841361397,10.88330170455231
10.02096300044744,10.324887420968237
0.4266194861722976,23.97035558747201
12.94718385566988,9.370587579914652
9.384671078183707,10.858586817342864
11.85562644746011,11.22293099203922
1.6451707998061158,21.82874777962062
1.650629240568814,21.849312890243866
0.183460958238359,23.46986120317704
12.86029129164424,9.40278045254604
1.2184036608568487,22.71674945150629
10.192637851014656,9.172508862582736
11.915607632988404,10.996719604740672
12.591984330478578,9.193816467926307
11.54240943116714,11.08155404947543
11.610491679827234,11.469367915101142
1.0381677526926518,22.501303885859425
8.306142105140447,12.133286933775594
12.634619524111798,9.659411977111931
8.40530663053011,12.342969985985867
8.79039615389954,11.914142581564503
13.025284843446368,9.505973144543107
12.23243830209248,10.912724399992763
11.6328773192444,11.896527937970893
2.839641257182728,20.637687840235635
0.7718385622646844,23.03220848930532
10.274087736337862,9.633097819236024
13.005526023346205,9.429307976654028
0.6153544260382668,23.556900106514323
11.844204169447591,11.248230481807138
10.1135274908231,9.715000711145096
0.6281441611309795,23.455081139736677
12.399802698176828,10.180200135859554
11.529553112176425,11.328917351073994
12.699945228694263,9.73737096555553
8.188291597091885,12.043536206708058
13.42086620854721,9.305019366761726
8.675222302280442,11.66965726468889
1.2195254627039818,22.132949718551725
0.3616376127714975,23.636136001870103
13.259921991477846,8.86867344710987
13.61856886821171,8.08120247114776
11.958465513081917,11.1798053443493
12.88237750180291,9.21547272045598
2.520889102609266,20.635534847931044
8.895826502925427,11.22705120552861
9.183166062486505,10.97243123718924
10.673320341219425,8.785006601294207
1.325067162150931,22.614617267407095
12.700419455079103,9.851723921552292
9.531376720761475,10.396325901938203
10.338074677588269,9.808872948088784
1.5966644127691865,21.690754647089303
2.835152586032593,20.333141170721223
1.4026608380195151,22.05896342372817
10.939942613532732,8.311396504706163
8.27099698350612,12.782758497580383
11.390281388754705,11.953762274902235
12.212062921130483,10.391648882762254
1.130472643400787,22.68349418103804
1.4277328804471967,22.26413984794637
7.713288039664725,12.656341777864078
0.4852500449174473,23.405294000913656
11.22161574673649,11.69958573843372
1.928014682458452,21.416270198909714
8.49277427646501,11.665337590870774
11.280366429652666,11.079949358300311
12.28880500364731,10.068482843239003
0.0715538625669109,23.754282977444607
13.431683846395192,9.499612340037764
10.674724813988778,8.800667303242443
8.650067423735885,11.723537618720265
11.875248197799875,11.148166792825664
10.281085724608284,9.508704090160482
11.2513880119092,12.038040559487
8.797174765739994,11.91036929296823
13.57937414970921,9.007009904478222
13.295966069812112,8.237454380663806
13.415896691996666,8.522604466111503
0.7914442881585453,23.293732672609494
9.554706280445048,10.723994940877963
2.379939944947852,21.28126345167506
11.664375274128265,11.09878012870126
8.901188545918755,10.979521894799332
9.75852734944076,9.439455395375564
9.302401995475664,10.3059289573978
12.167745684725078,10.52553432836283
9.296129679971871,10.92140722244597
12.18049654579417,10.51915396559972
10.547587662930065,9.227145542311971
0.6445608813599284,22.94699401179107
8.436453465450167,11.977598154876375
0.5370245996977854,23.698650019167427
1.4929124789033246,21.542799652714336
11.582991741399717,11.331791717725828
8.314753048514309,12.161751156213615
10.474686054606302,12.49110165830498
9.200387244811978,11.67643978156488
11.35673691863201,11.044284175456236
11.973680744026272,10.873525315688024
12.679428388468295,9.764919459231203
1.0136746512578263,22.18407308354168
0.8666600852047477,22.21605643636005
8.442068058142397,12.66132075599344
12.581794648599322,10.56787190913442
11.864693988712125,11.05271902577055
12.992913761545966,9.316992745807722
8.525342750043723,11.960244533099754
0.1556461609242339,23.566353669380582
11.853118165882377,11.01757114250535
0.0371942819200423,24.300218811568207
12.873697644829049,9.46501343250036
12.562998575248162,10.483512876111105
0.8125349179360493,23.446036458758947
12.633512279737786,9.897000258357131
1.7794782928344528,21.53356589204484
13.2331431555619,9.356881771358486
1.3193290820536152,21.885088326045917
0.8843913266183066,22.730753460135716
8.19159610177888,12.165655325721143
12.410094704847303,10.689825257781573
8.361497916123618,12.324713432385789
9.21739996822338,10.437125566351458
0.9332632540533944,22.605939398631104
1.4999834174725413,21.49902222044973
8.257379144247317,11.932992329470988
12.159741938847493,10.64518638076657
8.254064954631446,11.784505414922222
1.0323665302984235,22.886356588138653
9.759298782560666,10.546243180520475
11.398954948249614,11.319772760068318
1.1238514709341203,23.15327947172538
0.6742361428232186,22.81395274320424
0.8237063906886029,22.847497420942847
12.910166077453525,9.267653831228076
8.34558449440673,11.97030839325079
10.037835362154116,10.592055951050584
1.1705892748601556,22.493688711878217
0.864707573680815,23.32444984938724
8.228806612974207,12.8277777257489
8.422205389318535,11.818226868021334
13.244726400583293,8.730190640708539
12.594062147611409,10.177674317184229
9.15139313002546,10.870077089434956
9.502020246452242,10.500194946944788
10.690270492967455,8.968526382593499
0.6223615432191982,23.27367591362101
9.5065412099519,10.539593173502556
0.7302653853602852,22.739244726596727
0.4598725028835071,23.082122124158836
11.931611760455048,10.866136499207872
12.822814338113252,9.870919305449744
8.8696569172898,11.892370040851857
1.206940928448577,22.80891233992529
0.1702289604949918,24.318074824882675
1.3335327322885693,22.951448710621182
13.399435724825494,8.613869730145806
12.174245854645022,10.84418098453108
13.269245924173262,9.15607439190546
13.035971601577348,9.336860163995585
11.10710943413124,11.969653534816151
8.348844026456083,12.640782564833575
11.312469235649193,12.002501891836287
9.077646229942811,11.051162202012986
1.2937843338003212,22.08331471409156
0.893696710778392,22.863752938931807
9.286274666274672,10.387395132377096
12.103708599896631,10.79282487359254
1.9935066057638604,21.375922603185213
1.6430901199330643,21.91016175194637
11.145034395332951,12.471439752605074
10.06383099734776,10.272452290784202
10.247601313232868,9.789605141729814
1.4629678453042176,22.33247944647824
9.514219826113187,10.129719510641952
8.791257113675819,11.53549928766716
1.5293177640822453,21.97401464486702
11.783291873876276,11.72705317343802
1.4544701828635551,22.22130885056221
0.4610194639336802,23.1513821803006
0.2428037604551383,23.476003913480483
0.4726063410803114,23.01669255426648
9.013924756670598,11.56319751232472
9.681927470543354,10.219281056097651
12.422974916566794,9.930129364976503
9.346705558527264,9.8483915618348
8.354533847053087,12.38207272175794
8.786842648395217,11.741927711039718
11.9847869068272,10.852960818571988
13.434295459743506,8.764151630163443
12.592244580154167,10.315450915016548
12.225151676918772,10.635780516429818
8.529285090974362,12.46278251970474
1.4861024339288536,22.79384933031765
11.531255470107755,11.101717060293222
0.0080693977736148,24.4891923580955
12.816438222032506,9.92590936520999
2.036238327966895,21.64643291777409
7.258166643375103,13.643316192969271
0.1340973129052027,24.128225991455626
8.813800645970002,11.710724440621664
8.416121460063165,12.374146174820202
1.0556775934492748,23.3300117498659
8.23010205338234,12.979674620201646
0.5673159249424735,23.815873828366485
10.763152641986435,12.295032370866275
1.850136839570497,21.69378380433368
1.5156790009309242,22.3634364160264
9.894705308966817,10.59277472647337
0.6039602317746429,23.901170815698304
0.9493246729004056,22.970269006792982
12.722067331958414,9.66163561578302
9.493249946631837,11.2972507324442
12.27792315919288,11.30451719736578
12.14932064217609,10.627506391379518
9.152712076627626,11.146872016344393
1.572099719424223,22.06602365351169
0.1698987311961799,24.18522556249321
11.886903625574464,10.73934276627524
0.2317831565560482,23.854965721029387
0.5397219512136209,23.18711314952613
9.643822059997778,10.358188609251158
9.301229176997197,10.440330795592647
1.151431442438283,22.45923039614657
13.248970178040716,9.082703638757009
10.054308897513303,10.3223749337749
13.549286793617044,8.844835477152689
1.7928654241363544,20.88732149239737
0.5932032346041005,23.393132769105996
1.7528128001588046,21.849530753259685
0.1055274884999937,24.343523227365708
0.7926309414852613,23.523173951643216
11.931289159450824,10.702184208160228
8.427335541213292,11.61075874472228
8.710014283374269,11.467631917742864
8.605274952620348,11.51422841907804
12.59660841209843,10.12499515008587
0.7266653849190972,23.749114094841996
1.0564311370365047,22.634153169023893
0.8313038575080505,23.148483546117745
12.67127361992269,9.5666475423772
9.332782860632925,10.959067635756234
9.288960615413348,10.803039060594218
12.665557687775106,9.994837688876116
9.964762737822484,10.18718053288736
12.7250194640575,9.300272605676597
7.799613856837084,13.451316299647145
12.4569513804909,10.564290255031004
8.800337926578008,11.694582341898036
12.298165711042886,10.484771455636777
12.879522069941428,9.775940562201306
11.495792276835845,11.111590990151967
11.8254838689237,10.707284989721453
2.2088661505666405,21.04648236755594
1.033354570296133,22.63091444356908
12.22000644247642,10.895391249300667
1.0727834161391572,22.603528429371977
9.999585821800682,9.768163076768555
9.68336031087554,10.333158853048667
11.799963037895573,10.480157211473472
0.5670559432011624,23.210983785973205
1.0195579164805242,22.73964967024626
8.237747540787359,11.720102894274287
2.437207774932338,21.12738867024832
9.303029827902566,11.112129898238065
0.5731922161831031,23.687658080294707
1.3197519641467563,22.639997911230896
9.566087624934823,9.642656009253228
8.141290934505955,12.298724138281573
9.78704348964704,10.048089368941977
0.2208686618161346,23.92659200827801
9.85388517197578,9.714335363735708
1.1256810537798785,22.95348395088072
12.645919328820025,9.632383936024928
1.5308018383990634,22.13389102334309
8.35821903810895,11.620311584426794
8.637963761837728,11.724506381632624
13.452579737982004,8.574176575958319
11.27145226536533,12.065291392811393
11.889858421672963,11.26575958662814
12.04425840143076,10.74884043119637
8.30317796198187,12.47995077215047
0.093297258783668,24.092129790028864
2.1245784752261123,21.786426595467077
11.8166805352865,10.956367156246207
1.0782898654162052,22.943926933710323
13.535867728283408,9.099971767507196
10.2523226263224,8.914624942435266
12.277168953267276,10.942602242274251
9.37404808922277,10.82015055136624
8.63700415517509,11.477275382524418
8.674147419606719,12.223529898106737
12.943523040069996,9.453823195378492
9.84039655184256,10.281740446999994
0.4449284440154502,23.731336339978807
12.129004545808652,10.785064831281156
12.03662367334575,10.178972868253862
9.89498829651345,9.484978537652214
9.701378288689476,10.176408934807665
12.254187534248036,10.240927275118032
10.571454591805256,8.826968233211819
11.725388108509268,10.835924411695402
1.0038628889600938,22.59222057091184
11.67309655161998,11.20671501561523
8.689991921342818,11.51800889253282
13.547059105498056,9.262042252831847
12.495214503736667,10.488873364082114
12.233416392470158,9.895504156128718
13.327100078398528,8.849185166264332
12.890518957794718,9.313140789084429
0.6251115411762385,23.33040661608748
9.136266604279996,11.340832768211031
10.293388395411124,10.430638330838244
8.583134416737842,11.259011297975384
8.684507971428886,11.21432870015883
7.971831747057192,12.30135430169384
12.227861811052518,10.478339182244133
11.927717238794571,11.073914804127138
12.70334535993144,10.308464186159483
8.45576771149885,12.35642381066635
10.733746750222767,8.803433221594695
8.756389681603983,11.945471637069009
11.596319460475694,11.557712921412566
11.97802555382196,11.288809417916044
11.448266499344772,11.907170701627752
0.7874310996823102,23.42918602108781
0.960438932562936,23.47720237786613
8.288522403269234,11.494528001271096
10.252495586306082,9.42016796314982
11.746238501676649,11.021538766725865
8.476880892010094,12.127300873863527
8.972905766364935,11.211118002027185
9.84056709888549,9.562366525527588
11.995896094157947,11.126675689157484
8.481134784408573,12.461319914759873
8.092765797680336,13.069064020500036
12.753815999918311,9.15088507741618
8.56279731792726,11.39204021003663
8.857195469095041,10.929905413526878
2.306794875707347,21.01016354280803
9.104336422417,10.761868364196662
0.2380528894463323,23.884239223265755
9.085853513560751,10.41279401483876
0.6205817519968555,22.749768226531145
0.6533621423669631,22.818711137394644
0.05672112878697,24.350439196131
9.710765282086877,11.061586515262942
11.947028364277749,10.581256759714712
9.252954737042693,11.382797688119991
13.127139568163129,9.03992461596761
12.730876565868703,9.236783717646375
12.64728723195109,9.637794848609207
12.288098356863802,9.809902236123497
7.5102552799258495,13.45243609532687
12.45857394255233,10.240846304756168
1.225929747094665,21.97343538149825
8.808452532439166,11.903479725955634
13.031807753846987,9.93390059478269
9.630296164348252,10.713653668894018
0.5145594351368104,23.57092624324715
10.007830442510064,10.09229260084298
1.5310383462891697,21.85654263998172
8.815552919711735,11.68587860385232
9.011076572361482,10.666341225811005
9.811043657038416,10.456510895727412
12.399264620500256,10.591861846845296
9.822993253692928,10.44371310724402
14.090435727432077,8.178106065127674
0.6571370343109635,23.273524560140714
12.499123289041384,10.161770037213705
8.661155126472973,12.196285971292518
9.20275126373623,10.73904719206026
2.302734699901864,20.698411821444218
9.805244883834211,10.432673884739229
0.8579378743225128,22.262628908681258
9.04885163549231,11.260894638403483
12.28679367241856,10.110766756857243
11.313460318920104,11.317888210271745
0.5781108667213486,22.56556426481732
0.7355808902567214,22.779915579501065
1.3950851566322695,22.067798955935945
12.448474052454014,10.330888769599811
12.434916227875508,10.037524876572062
9.865833789976566,10.671033845252945
0.5489872406400149,23.793565517626053
9.534716163166465,10.346785158629068
9.46496842328949,10.414073278012715
7.745981369307369,13.46059741469182
12.433268133598888,10.348430666850458
11.983691325735156,10.808634963338188
12.254584694587768,10.675544000122624
0.9021359885396693,22.711056963865445
1.67237561295474,22.2415375590948
1.052834720735942,22.792558040362408
12.68715951723132,9.68114379100148
9.80738271446324,9.85521015182441
11.167426768134105,11.60226913335806
12.417712600299964,9.747158367129432
1.2415213744018525,22.89637454805825
2.376352512311408,20.8082368606246
11.886159729763182,11.393454927908476
9.645879603703182,10.72365452306354
1.425728303847511,22.58625444657299
10.020141705595064,9.381671337557492
12.35890981769547,10.303527264920074
2.079805340714031,21.38045363628102
9.566605355672683,10.584275493123585
8.601958995330591,11.154919794275033
9.58101149206108,10.410746546460128
12.671754017347592,9.764804418912904
1.1624347805494937,23.05929863895101
12.080761016201793,10.452284238786348
12.918446225729843,10.00942373949514
1.8407127492069275,21.4328977641
8.921740753775916,11.293232950730111
1.2998520416177834,22.841828629074588
0.8850163824029318,22.98874212423105
2.117161293218788,21.55954217390915
7.693260335509867,13.398960701457732
12.481604266834102,9.827649916354908
9.310173223394566,10.863397553669936
9.561495739892504,10.620269598912635
1.3205311657558028,22.01220317041833
12.720962977638148,9.954594365412833
12.61734830461164,9.605543354884077
2.0588948543061254,21.025783671829576
10.887053466990244,12.640070475292216
12.29863116364859,9.588368373314404
10.937678762490467,11.915024861566344
1.9639640901968176,21.56279581434902
9.569196911721145,10.382770173733125
8.491975938485472,12.068186775032252
12.160091420039873,11.059652003376977
12.352900081409082,11.293599195537537
11.440256166928684,11.646709717993463
2.3639666624534814,20.80261782063053
0.1304678936544814,23.32330814405681
11.556461818550474,11.298718328541836
8.378333833362722,12.096783940083291
11.446830980814555,10.900721491494052
9.003994198716228,10.77410508716589
13.6546352889602,8.067814674563197
11.89205240651773,10.512943136628792
0.9418722511756314,23.53756568844994
11.66022435911815,10.955350915705356
9.486904697523247,10.663363522074537
9.118002943701416,10.968381286272344
12.015859100838025,10.572270185874888
9.062314358891612,11.068995035534355
8.375496547347472,11.95668214107024
11.326571015933098,11.661828426601208
1.618765780802196,21.543841591293123
8.99986018691956,10.91643586658405
10.91978702304434,8.728646255081442
1.0627300093574688,22.256312349482457
9.963731107365644,8.913685864230644
12.626363563068924,10.0742955554727
11.70215870544268,11.170695678922575
9.473409286090416,10.743485905170887
8.330470049990401,12.971206683209823
10.782642270779224,8.968916920161629
1.9419573951421916,21.31058206384155
0.7194987649499174,23.373815499982214
8.475447883867462,12.05138673726833
11.814071639498426,10.66436186083893
9.855717965459515,9.827667189421472
13.668098769241974,7.774851834103378
9.217875630751667,10.9615226483476
9.12872893403252,10.754430679932238
12.46195930847776,9.937306728832471
1.804156947447975,21.67223173155891
9.31122318720493,10.874105512804372
10.51609389946368,12.713427419907603
0.2974722337063431,23.48347600562553
1.118225425223728,22.44554122953848
1.106356740372984,22.163937783624338
9.203008201627346,11.337049878200176
12.615816210633962,9.647875914697927
8.097083555844995,12.163208716401234
10.395874917948616,9.598551279388085
0.5581590076491203,23.82719177852356
1.5931662364886012,22.15618197392103
13.411724612765653,9.702172079837563
9.56267478860669,10.287982603683062
9.668331741430205,10.593507117526372
8.63591760593453,11.72236740675225
0.1842174650575154,24.545195356158303
12.38724729027228,10.297142251982107
10.28705780239494,9.44213829345208
0.9000412547037611,23.042780321114563
9.375576388499262,10.586576216087488
7.295329821877503,13.765621487208332
9.020704701813898,11.496894331852268
11.79333121025103,11.601349571035588
8.24804549462333,12.386570679161087
12.51881885158518,10.32060113745851
1.062892211734071,23.68709176728268
8.755124976422085,11.280210647886465
2.124053810504418,21.110311918105268
12.131441750978954,10.877044801896709
9.06425042334859,11.01162544135942
8.728146704795297,11.207720705017618
9.674822990825025,10.324248018811506
0.2243716602371561,24.366423746123992
1.619379769998364,22.11221684995464
9.278537232163751,11.096628136381124
1.684001355684086,21.998759869188756
1.3272512261646083,22.029956166651903
9.424986698907349,10.665975084121117
0.7242001756752741,23.327235200733167
8.915817735896965,11.94678449873724
1.0078884987169898,22.63694010618396
2.5831468843560965,20.832474375373693
12.02923698168004,10.45260551750373
13.219515328105762,8.929708985410295
1.2911393038814758,22.495239960354358
11.02040927625142,11.95232880286602
14.145546957923436,8.13854661204899
1.4252976539963678,21.682483361447325
10.00577575141316,9.922284537798369
1.0950298347027791,22.327980504588723
9.246747920704763,10.970879723907151
11.007388961790708,11.8159306910111
11.57925868142301,10.51376948739307
0.9692729070296152,22.60332060598744
8.698884193818746,11.93703073928883
0.9482991067992704,22.38403032969441
11.214129818068326,11.394273869569233
13.685134345058112,8.386572070096117
11.740788537758815,11.68419867730442
1.9339893086941649,21.90382008157205
12.652765206906466,9.283739709544037
8.47058797300538,11.943373257420806
12.569978585915448,9.925675979382742
11.468266663882876,11.118997984000735
8.19538111431979,12.019604627861083
10.438039963660238,9.068058386140535
9.535546511781405,10.5091239371833
1.1931716690047691,22.437325458076607
0.7277739769813643,22.43715171966238
11.714511225132036,11.122364709788467
12.457218367431675,10.536759524820496
13.098372397531593,9.05411573920806
12.00713544338494,10.665107436041156
1.2778763153690598,22.763278541567587
8.216543362697974,12.120939650543274
13.247538430406737,8.79334506574655
8.386410197208269,12.53573218030367
1.5187051177153394,21.366293347424048
12.783908643821214,9.803834081832017
0.1664060497423065,23.808305883350524
8.287065788020465,12.4951262085427
12.603659469620023,9.6613126499446
12.908440791644711,9.838419308076991
11.876678752663214,11.110241020531015
11.724955263063224,7.0332024384453735
11.53427778070048,11.2440524197397
8.206806718083438,12.436618336880027
1.835768352922499,21.50392819851713
12.76989906442828,9.473499123353248
12.846365564367437,9.704009300465504
1.4213197883209556,22.134967248686092
11.399496587404869,11.610166888574287
11.3243613931537,11.372248525432076
1.5122727061244765,22.74825963902407
11.901971500097336,11.33299114438151
8.979486179278645,11.322160203129831
0.355859063862475,24.044449438797876
9.303665418950668,10.496135282731284
0.5521179178569522,23.68125112677972
8.689614640268811,11.643593762530564
11.26969995808318,8.125512133809183
2.1975507910312886,21.1168475192834
11.300799024015404,11.666694155335758
12.573224623176202,9.51515078242688
9.730060672170602,9.950769076828411
0.8304947734437178,22.604422180763343
9.59325132550178,10.600113006969536
9.14754733423027,11.124605454230656
9.653220246673923,10.399791373489956
0.7225798389632621,22.43894052023846
2.28378128618744,20.84542024598943
11.99413613429298,11.114465947803792
0.5755333780159724,22.512461095540804
13.089204160814,9.964858950755248
1.127669547199358,23.147760137274663
8.720546179430956,11.999416785126652
8.510127839903166,11.689870184251449
9.857533960345394,10.049770247815118
0.8123805170193785,22.96465088824228
9.869129083062942,10.357472232275992
12.645427618412672,9.747715029032785
11.927667282074164,10.788973238540148
12.299284590178871,9.275680900724744
8.560446870431859,12.08402693198387
0.9347443759732456,23.398960922089334
9.541740907015896,10.548199219619171
9.03781821127532,11.092876125158432
8.417677439015486,12.41840270024653
0.2002931641279497,23.458109887440727
11.848530288775247,10.911028435680429
12.640607001610174,9.814094016275805
9.33323113763422,10.636023737663804
9.982739701088317,9.837725756992777
0.5388865025582383,23.25235492558069
12.32440294698094,10.501923557083998
12.067080290587237,10.539526389550447
12.034572343017576,9.75319510136766
11.991579362259396,11.36674714148326
0.4815052844056469,23.57542081225943
10.55245637057546,9.111885184276964
11.686991750403507,11.282585501799463
1.3036857178832486,22.68104692537913
12.561357677243604,9.870237239086585
1.320274730853252,21.942121674407325
10.430590859537912,9.573384925084689
12.953414225107966,8.582952590352145
0.2560070524878304,24.135748239027013
1.1443891042872991,21.997781976234563
0.8844195438654987,23.115556265571776
12.31982138346068,9.951277940930762
9.01107004402002,10.9841444666072
12.56780384910794,9.975772228746182
9.175015055983174,11.033343607023903
0.5770751318624292,23.37121920483864
13.472121612333694,8.570389350924174
10.020800566169951,9.59463062569328
11.824395284391688,10.941953408963975
11.590289160034752,11.58885680052197
1.9792875514102808,21.49181936236107
1.2201637456532506,23.02244682917789
9.105702005659126,12.017067903641053
9.637369084084098,10.348348198458728
13.233180279185497,8.745426040060067
12.148992103975685,11.196502437510716
10.12320937080602,9.480592109114657
11.803101088507765,11.098095107208657
9.68798553640704,10.54786226689638
1.8281245211383288,21.579055369850067
9.60931852304127,10.075091973449917
11.279244071965357,11.944564867904624
10.35950790486686,9.260760842762172
0.3035899332989578,23.734311921005396
0.9923694629486564,22.93424460580516
1.580990549215036,21.891335484756155
8.618232484835316,12.149906623952212
1.4996599658799266,22.519235872761023
9.392794344405084,10.171679581549803
1.8982977817385152,21.543822637060423
12.019194809023926,10.651660482020764
12.098298474274266,11.212068015331225
8.759115519447555,10.823523599759534
1.1479523321118306,22.53377566073418
9.47158257162566,10.849048761127108
0.767988333936195,23.184400033669696
1.0046007798729866,23.15721905992503
0.1191817415374201,23.61428286888131
9.491739213256167,11.025060641158516
9.485783888135597,10.39798670646367
9.664867210331476,9.839495952583018
10.994970744135731,11.87963427344512
9.102238346605622,11.14590080457122
1.6758411085632456,21.934768573442145
12.37519791242368,10.28704701176395
12.864480219427184,9.520740427559716
9.356809065895344,10.465162737761553
11.826673672849676,11.168784381930324
12.378738113038754,10.093562415704367
11.727812441586474,10.113966497668295
12.867867374197296,8.866205594136146
11.015374240103183,12.144185470831768
9.141010799459275,11.038083212730935
13.611025150773784,8.448958051068034
13.08503115342519,9.130546082874982
13.103847250512064,8.573310502709154
0.5728939914894449,23.196052055355945
12.116023485041964,10.843846760870312
13.283898570612632,9.142311684308233
12.527370259112589,10.005801972997162
0.7446770503022471,22.913467263463787
9.059417088098575,10.792667368334047
0.3515727358197358,23.970583185638997
9.503731283321224,10.628026689592632
10.883862219570524,8.529590015948486
13.53289239551473,8.636875609393089
12.7045762114982,9.948506010300296
10.19241265175594,9.556701186084206
9.168190672607134,11.334401865424544
12.720386772260454,10.09068735613641
1.2030932927023557,23.0568414747208
7.210416048578832,13.44659263653339
10.037244743510255,9.937493901326924
11.09386469948664,8.691420606001572
8.880929447799955,11.112673638954266
9.829034316842607,9.997893731978737
8.417600865911,12.383478147472529
0.6163991252212666,23.934226178353715
0.8856624900404464,22.722856679057184
11.116413444386176,8.146699211739755
1.511681946128478,22.259381269750406
0.9944342814498306,22.646032964813344
7.378003266770824,13.136486658741315
12.808536331762657,9.804373260015968
8.917097063489917,11.165774886647643
11.962145599235695,10.865541463927512
9.83319413767677,10.339393307157456
13.021736471244084,9.538799355248212
11.408179219157056,11.646770629571002
13.26516913668221,9.194873648992049
0.154442421594017,23.98623960571731
9.18744881056821,10.874133520217994
13.391257372726502,9.1658447556944
0.4889306444085859,23.98397619402348
11.581864770615368,11.079945052885478
12.567127147916828,10.767417336035557
9.437103295275936,10.512823155172176
12.980997668755975,9.491733858366803
1.5862589996804344,22.212036016707103
0.2294130811054326,23.94740476644671
12.228571464199623,11.051591637085732
11.427162624125094,11.075460506486216
10.715892636243437,12.103038805659924
12.771941181977652,9.762252902997982
12.377458504932008,10.693686224648353
12.46127576800496,10.0411499302193
8.040323723052074,12.714694040890432
10.254129786769392,9.520628049077564
8.926939122985786,10.70732347902278
9.71450543945839,9.884010207515525
9.053673331137375,10.921209263885745
12.150983773820386,11.194424918074198
1.5118642693228344,21.625520798537707
10.079382362192534,9.900463641612872
10.667194251202057,9.1057012196663
11.999326052334624,11.155948889127956
8.706698062281147,11.557290519590762
1.1930445026283447,22.89630470727649
8.675309700307642,11.489706179669732
1.4962568552412383,22.23939029890516
8.444602995989179,11.56638495788572
8.554275689668657,11.61319193758954
10.953737669039,8.691588281930546
8.967022537249173,11.877182673192529
8.586426394243517,11.468427559529133
9.39661870551092,10.483878333897644
12.781720043866985,9.457179712664736
13.13812020076431,9.263304290922562
8.404305214874459,12.189206917472768
8.805589683955326,11.447656620084944
2.2807823623472183,20.75441009071936
12.383282106547664,10.381017026830143
8.717357091182485,11.480932609043355
8.856940359543106,11.339056572486529
12.58003207683419,10.12203853727468
12.488948977813394,9.934953657359324
10.69361801409729,12.083652953487077
12.45552991091614,10.304080522044783
9.5096512609162,10.505743492549897
